feature,importance
category_encoded,0.299667628099977
location_encoded,0.26703876195029264
day_of_week,0.12156901486616285
month,0.10998500281683124
payment_mode_encoded,0.09384726216542441
season_encoded,0.03692959633517612
quarter,0.025574975727288982
is_month_end,0.01775541828610708
is_month_start,0.01609444313259552
is_weekend,0.011537896620144365
